{"0": [0.5391525737214744, 0.5457306822515127, 0.5767283324996497, 0.6170684312643742, 0.6551559415132947], "1": [0.45574316901493594, 0.4335588025982617, 0.4419128324413109, 0.46314694876228235, 0.4937864852055813], "10": [0.4348829825932971, 0.3971636330592367, 0.3950277431426464, 0.40878554647531573, 0.43307474926965844], "11": [0.4399932901767685, 0.4097026795237782, 0.4119257191202339, 0.4138171816721963, 0.4222695920578801], "13": [0.4512475078290409, 0.4237020631454176, 0.42139646090271454, 0.42619401177174654, 0.43182149465698727], "14": [0.45196562480349245, 0.43280310396708777, 0.44214812219243077, 0.4572618040428435, 0.46867584241222154], "18": [0.4621221969591822, 5.5057372850865125, -0.5028221659718115, -0.11102953968067554, -0.10688533855410735], "19": [0.43279362267488214, 0.3620656485463882, 0.34828681935930095, 0.3638874891426382, 0.35355471688865686], "2": [0.4624361074764453, 0.43964759904262396, 0.4527091048432421, 0.46996970415596323, 0.48278168916060893], "20": [0.41244308182514994, 0.3339175247632984, 0.32983402439869725, 0.3320005151011651, 0.3318426158697553], "21": [0.4260451266267752, 0.38741551082964504, 0.3838616062629599, 0.3905581346717384, 0.3865851353460614], "23": [0.44975911555235504, 0.4014918090676643, 0.40826564830826195, 0.4082931744206563, 0.4110754815750096], "24": [0.45020122678791297, 0.401086207436649, 0.39751246693796494, 0.3924773941524247, 0.41095772716288753], "25": [0.43262094622271174, 0.401659992317435, 0.3899050899821991, 0.39650522687027095, 0.40132110310867436], "27": [0.44969627278197405, 0.36641160299013137, 0.3471708961016545, 0.3471018676123078, 0.33452796254610107], "28": [0.44029574174115754, 0.35257424065428583, 0.3407751241224115, 0.3395826044945239, 0.3299198872043365], "29": [0.4309838864684263, 0.35418432032552877, 0.34184750446595036, 0.3412745890796942, 0.34646401267245636], "3": [0.4653767617901619, 0.449383943932282, 0.48096991884293494, 0.5239461200122634, 0.5631997444715146], "30": [0.43806015747701377, 0.3944283398150114, 0.3891444873899624, 0.3997440022055026, 0.4002707244355633], "31": [0.5150559997259964, 0.4866580552275572, 0.4951931273448204, 0.4909959253883228, 0.49087437028322073], "32": [0.48729148550208295, 0.46088234975022113, 0.4784793223642065, 0.4833039457796397, 0.4983306855624676], "33": [0.4472373675081498, 0.3881982421426059, 0.3954958286795263, 0.3994801351205561, 0.38840488586437005], "34": [0.41595667541883824, 0.3306225751299305, 0.32579568740939924, 0.31567179474781676, 0.3177231879830957], "35": [0.4593358798592618, 0.37324638536454186, 0.35826873309815055, 0.35254527671511876, 0.3450826727550301], "36": [0.44734709767252673, 0.350360289692037, 0.3502888241663778, 0.3407680082517573, 0.32923648019885515], "38": [0.4345815712091258, 0.3818211094817613, 0.3757945092413107, 0.3907346159079447, 0.3888267738031871], "39": [0.4489644570645659, 0.395199053866316, 0.40159315504158727, 0.4036620426033672, 0.4194333621055866], "40": [0.43842299129042267, 0.38998050904045456, 0.39304769521663074, 0.403263983923613, 0.41030675912602826], "41": [0.43152173567956587, 0.3951695860233891, 0.39113726390734854, 0.39665679737146364, 0.4155988142936514], "44": [0.43342136824550453, 0.3311333876615479, 0.31898839996216966, 0.30856499626040024, 0.3111846660512473], "46": [0.4613702181168023, 0.4279490092013928, 0.4256450463519768, 0.4331180495889538, 0.4311914529548685], "47": [0.5052184169233925, 0.4603078917981632, 0.4620850492821831, 0.4670130750959799, 0.4760717151545001], "48": [0.4637946012081036, 0.42531076994572325, 0.42983233267798343, 0.44546953112227683, 0.445461694774967], "5": [0.4624884218815521, 0.4614386970744729, 0.4705474753566607, 0.4939343191147168, 0.5027022128667938], "50": [0.43971571056441544, 0.37640275667899326, 0.3614220986469684, 0.36397258875009747, 0.34780661849444033], "54": [0.4305129986091637, 0.3994971331283003, 0.389603570215128, 0.3946819082127974, 0.4002714835773716], "56": [0.4629087350916842, 0.42480486330263684, 0.4416529377214678, 0.44123898122882976, 0.4589344716825656], "57": [0.47242765904234446, 0.4391896925470771, 0.4496810010051262, 0.4552509942528533, 0.4467769203954651], "58": [0.44698276984797763, 0.40304857850946546, 0.41199434886322533, 0.4176336967717617, 0.4072554061826876], "7": [0.47788525967988355, 0.46337435350308015, 0.4702357447517641, 0.4817918660451118, 0.48721824747728765], "8": [0.45700543048643116, 0.4299118223812406, 0.43381183958726977, 0.44146508086665637, 0.4458759370151586], "9": [0.4542195640614588, 0.42945182466755405, 0.438482908751231, 0.4616783853437411, 0.47973024593722513]}